Project,Day,Month,Year,Headline,URL,Source,Country,Language,Format,Format2,IsBroken
OSS,12,5,2014," ""Darpa's super-dexterous robot arm gets FDA approval""",http://www.wired.co.uk/news/archive/2014-05/12/darpa-robotic-limb-fda-approval,Wired,UK,English,Online,,Broken
OSS,16,10,2014,"""Better control over bionics"", Vol. 514, 277",,Nature,International,English,Print,,
OSS,24,10,2014,"""Prosthese sluit naadloos ann""",,Technish Weekblad,Netherlands,Dutch,Print,,
PLP,24,2,2014,"(영상) 의료행위를 위한 게임 활용, 뇌졸중 환자와 사지절단 환자 치료",http://www.thisisgame.com/webzine/news/nboard/4/?n=53676,This Is Game,Korea,Korean,Online,Video/TV,
PLP,11,12,2018,¿Qué causa el dolor fantasma?,https://noticiasdelaciencia.com/art/30938/que-causa-el-dolor-del-miembro-fantasma,NCYT,Spain,Spanish,Online,,
OSS,,,2014,"""Årets bästa 2013 – forskning och teknik i Sverige"", IVA Aktuellt, N. 6, 2013:18-20.",,Ingenjörs Vetenskaps Akademin / The Royal Swedish Academy of Engineering Sciences,Sweden,Swedish,Print,,
OSS,1,2,2015,"""De 10 viktigaste vetenskapliga framstegen från 2014""",,Allt om Vetenskap,Sweden,Swedish,Print,,
OSS,1,2,2013,"""Doctoral Student Develops Mind-Controlled Prosthetic Arm""",,European Medical Device Technology – Breakthroughs,,English,Print,,
OSS,,,2015,"""Prosthesis attached to bone and nerves"", Nr. 3/2015:17.",,Illustreret Videnskab,Denmark,Danish,Print,,
OSS,,,2015,"""Prosthesis attached to bone and nerves"", Nr. 3/2015:17.",,Wetenschap in Beeld,Netherlands,Dutch,Print,,
OSS,,,2015,"""Prosthesis attached to bone and nerves"", Nr. 3/2015:17.",,Science Illustrated (USA),USA,English,Print,,
OSS,,,2015,"""Prosthesis attached to bone and nerves"", Nr. 3/2015:17.",,Science Illustrated (Australia),Australia,English,Print,,
OSS,,,2015,"""Prosthesis attached to bone and nerves"", Nr. 3/2015:17.",,Imeline Teadus,Estonia,Estonian,Print,,
OSS,,,2015,"""Prosthesis attached to bone and nerves"", Nr. 3/2015:17.",,Tieteen Kuvalehti,Finland,Finnish,Print,,
OSS,,,2015,"""Prosthesis attached to bone and nerves"", Nr. 3/2015:17.",,Illustrierte Wissenschaft,Germany,German,Print,,
OSS,,,2015,"""Prosthesis attached to bone and nerves"", Nr. 3/2015:17.",,Science Illustrated,Greece,Greek,Print,,
OSS,,,2015,"""Prosthesis attached to bone and nerves"", Nr. 3/2015:17.",,Lifandi Vísindi,Iceland,Icelandic,Print,,
OSS,,,2015,"""Prosthesis attached to bone and nerves"", Nr. 3/2015:17.",,Ilustrētā Zinātne,Latvia,Latvian,Print,,
OSS,,,2015,"""Prosthesis attached to bone and nerves"", Nr. 3/2015:17.",,Iliustruotasis mokslas,Lithuania,Lithuanian,Print,,
OSS,,,2015,"""Prosthesis attached to bone and nerves"", Nr. 3/2015:17.",,Illustrert Vitenskap,Norway,Norwegian,Print,,
OSS,,,2015,"""Prosthesis attached to bone and nerves"", Nr. 3/2015:17.",,Science Illustrated (Slovenia),Slovenia,Slovenian,Print,,
OSS,,,2015,"""Prosthesis attached to bone and nerves"", Nr. 3/2015:17.",,Illustrerad Vetenskap,Sweden,Swedish,Print,,
OSS,9,10,2014,"""Protesen känns en vanlig arm""",,Metro,Sweden,Swedish,Print,,
OSS,9,10,2014,"""Próteses aumentam liberdade de movimento""",,Correio Braziliense – Saúde,Brazil,Portuguese,Print,,
OSS,3,11,2014,"""Science will save the world""",,VRT,Belgium,Dutch,Video/TV,,
OSS,1,5,2015,"""S-höjdaren som ska lyfta Företagssverige""",,Dagens Industri Weekend,Sweden,Swedish,Print,,
OSS,,,2012,"""Tankestyrd protes för amputerade""",,Chalmers magasin,Sweden,Swedish,Print,,
OSS,1,12,2012,"""Tankestyrd protes förändrar livet för amputerade""",,KFanytt,Sweden,Swedish,Print,,
OSS,,,2013,"""Titanium arm is close to a real arm"", Nr. 8/2013:9. ",,Illustreret Videnskab,Denmark,Danish,Print,,
OSS,,,2013,"""Titanium arm is close to a real arm"", Nr. 8/2013:9. ",,Wetenschap in Beeld,Netherlands,Dutch,Print,,
OSS,,,2013,"""Titanium arm is close to a real arm"", Nr. 8/2013:9. ",,Science Illustrated (USA),USA,English,Print,,
OSS,,,2013,"""Titanium arm is close to a real arm"", Nr. 8/2013:9. ",,Science Illustrated (Australia),Australia,English,Print,,
OSS,,,2013,"""Titanium arm is close to a real arm"", Nr. 8/2013:9. ",,Imeline Teadus,Estonia,Estonian,Print,,
OSS,,,2013,"""Titanium arm is close to a real arm"", Nr. 8/2013:9. ",,Tieteen Kuvalehti,Finland,Finnish,Print,,
OSS,,,2013,"""Titanium arm is close to a real arm"", Nr. 8/2013:9. ",,Illustrierte Wissenschaft,Germany,German,Print,,
OSS,,,2013,"""Titanium arm is close to a real arm"", Nr. 8/2013:9. ",,Science Illustrated,Greece,Greek,Print,,
OSS,,,2013,"""Titanium arm is close to a real arm"", Nr. 8/2013:9. ",,Lifandi Vísindi,Iceland,Icelandic,Print,,
OSS,,,2013,"""Titanium arm is close to a real arm"", Nr. 8/2013:9. ",,Ilustrētā Zinātne,Latvia,Latvian,Print,,
OSS,,,2013,"""Titanium arm is close to a real arm"", Nr. 8/2013:9. ",,Iliustruotasis mokslas,Lithuania,Lithuanian,Print,,
OSS,,,2013,"""Titanium arm is close to a real arm"", Nr. 8/2013:9. ",,Illustrert Vitenskap,Norway,Norwegian,Print,,
OSS,,,2013,"""Titanium arm is close to a real arm"", Nr. 8/2013:9. ",,Science Illustrated (Slovenia),Slovenia,Slovenian,Print,,
OSS,,,2013,"""Titanium arm is close to a real arm"", Nr. 8/2013:9. ",,Illustrerad Vetenskap,Sweden,Swedish,Print,,
OSS,1,3,2013,"""Transmissão de pensamento""",,Correio Braziliense - Ciência,Brazil,Portuguese,Print,,
PLP,1,1,2014,"""Virtuell arm botar fantomsmärtor""",,Clamers magasin,Sweden,Swedish,Print,,
OSS,8,10,2014,""" Bionic Hands Mimic Human Control With Sensation of Touch",https://www.bloomberg.com/news/articles/2014-10-08/bionic-hands-mimic-human-control-with-sensation-of-touch,Bloomberg,International,English,Online,,
OSS,1,1,2014,2012: A year in technology,https://newatlas.com/2012-technology-review/25590/,New Atlas,International,English,Online,,
PLP,6,9,2018,A New Theory for Phantom Limb Pain Points the Way to More Effective Treatment,https://medkit.info/2018/09/06/a-new-theory-for-phantom-limb-pain-points-the-way-to-more-effective-treatment/,Medicine News Line,International,English,Online,,Broken
PLP,6,9,2018,A New Theory for Phantom Limb Pain Points the Way to More Effective Treatment,https://www.brightsurf.com/news/article/090618464897/a-new-theory-for-phantom-limb-pain-points-the-way-to-more-effective-treatment.html,Brightsurf,International,English,Online,,
PLP,6,9,2018,A New Theory for Phantom Limb Pain Points the Way to More Effective Treatment,http://healthmedicinet.com/i/a-new-theory-for-phantom-limb-pain-points-the-way-to-more-effective-treatment/,Health Medicine Network,International,English,Online,,
PLP,6,9,2018,A New Theory for Phantom Limb Pain Points the Way to More Effective Treatment,https://udaipurkiran.com/a-new-theory-for-phantom-limb-pain-points-the-way-to-more-effective-treatment/,Udaipur Kiran,International,English,Online,,
PLP,6,9,2018,A New Theory for Phantom Limb Pain Points the Way to More Effective Treatment,https://www.eurekalert.org/pub_releases/2018-09/cuot-ant090518.php,EurekAlert!,International,English,Online,,
PLP,6,9,2018,A New Theory for Phantom Limb Pain Points the Way to More Effective Treatment,https://www.sciencedaily.com/releases/2018/09/180906082022.htm,Science Daily,International,English,Online,,
PLP,6,9,2018,A New Theory for Phantom Limb Pain Points the Way to More Effective Treatment,https://www.enn.com/articles/55345-a-new-theory-for-phantom-limb-pain-points-the-way-to-more-effective-treatment,ENN,International,English,Online,,
PLP,6,9,2018,A New Theory for Phantom Limb Pain Points the Way to More Effective Treatment,https://neurosciencenews.com/phantom-limb-treatment-9810/?utm_source=feedburner&utm_medium=feed&utm_campaign=Feed%3A+neuroscience-rss-feeds-neuroscience-news+%28Neuroscience+News+Updates%29,Neuroscience News,International,English,Online,Video/TV,
PLP,6,9,2018,A New Theory for Phantom Limb Pain Points the Way to More Effective Treatment,https://medicalxpress.com/news/2018-09-theory-phantom-limb-pain-effective.html,Medical Xpress,International,English,Online,,
OSS,6,2,2019,A UNA DONNA LA PRIMA MANO BIONICA,http://opinione.it/hi-tech/2019/02/06/redazione_mano-bionica-interveno-detop-cipriani-santanna-pisa-sassu/,I'Opinione,Italy,Italian,Online,,
PLP,6,9,2018,AI And AR System Offers New Effective Treatment For Phantom Limb Pain,https://interestingengineering.com/ai-and-ar-system-offers-new-effective-treatment-for-phantom-limb-pain,Interesting Engineering,International,English,Online,,
PLP,27,2,2014,Amputation: Virtueller Arm lindert Phantomschmerz,http://www.egadgets.ch/Amputation+Virtueller+Arm+lindert+Phantomschmerz/618135/detail.htm,Egadgets,Switzerland,German,Online,Video/TV,
OSS,5,2,2014,Amputee Successfully Feels Prosthetic Grip Strength Via Arm Electrodes,https://spectrum.ieee.org/tech-talk/biomedical/bionics/sensitive-prosthetic-hand-gets-a-grip?utm_source=techalert&utm_medium=email&utm_campaign=020614,IEEE Spectrum,International,English,Online,,
PLP,25,2,2014,Amputee's 'Phantom Limb' Pain Eased by Virtual Arm Technology,http://news.health.com/2014/02/25/amputees-phantom-limb-pain-eased-by-virtual-arm-technology/,Health,International,English,Online,,Broken
PLP,25,2,2014,Amputee's 'Phantom Limb' Pain Eased by Virtual Arm Technology,https://www.doctorslounge.com/index.php/news/hd/44765,DoctorsLounge,International,English,Online,,
PLP,25,2,2014,Amputee's 'Phantom Limb' Pain Eased by Virtual Arm Technology,http://www.philly.com/philly/health/topics/HealthDay685203_20140225_Amputee_s__Phantom_Limb__Pain_Eased_by_Virtual_Arm_Technology.html,Philly,International,English,Online,,Broken
OSS,13,10,2014,Amputees can now control artificial limbs with their minds,https://www.engadget.com/2014/10/13/mind-controlled-limbs/?ncid=rss_truncated&guccounter=1,Engadget,International,English,Online,Video/TV,
PLP,25,2,2014,Amputee's 'Phantom Limb' Pain Eased by Virtual Arm Technology,https://health.usnews.com/health-news/articles/2014/02/25/amputees-phantom-limb-pain-eased-by-virtual-arm-technology,HealthDay,USA,English,Online,,
PLP,10,11,2016,Aplicar la realidad aumentada en las prótesis mitiga el dolor fantasma,https://www.redaccionmedica.com/secciones/ingenieria/aplicar-la-realidad-aumentada-en-las-protesis-mitiga-el-dolor-fantasma-2943,Redacction Medica,Spain,Spanish,Online,,
PLP,25,2,2014,AR helps amputee experience first pain-free night in 48 years,http://www.wired.co.uk/news/archive/2014-02/25/phantom-limb-pain-cure,Wired,UK,English,Online,,Broken
PLP,16,12,2016,AR 虛擬肢體有助於平撫截肢的幻肢疼痛,https://technews.tw/2016/12/16/the-animated-body-parts-helping-cure-phantom-limb-pain/,TechNews,China,Chinese,Online,,
OSS,3,12,2012,Armprothese nutzt natürliche Gedankensteuerung,https://www.innovations-report.de/html/berichte/medizintechnik/armprothese-nutzt-natuerliche-gedankensteuerung-206583.html,Innovations Report,Germany,German,Online,,
OSS,1,12,2012,Armprothese nutzt natürliche Gedankensteuerung,http://www.pressetext.com/news/20121201004,Pressetext,Germany,German,Online,,
OSS,8,10,2014,Artificial arms get closer to the real thing,https://www.nature.com/news/artificial-arms-get-closer-to-the-real-thing-1.16111,Nature,International,English,Online,Video/TV,
OSS,28,11,2018,Artificial joint restores wrist-like movements to forearm amputees,https://www.eurekalert.org/pub_releases/2018-11/cuot-ajr112718.php,EurekAlert!,International,English,Online,,
OSS,28,11,2018,Artificial wrist could change the world of prosthetics,https://mashable.com/video/artificial-wrist-innovation/?europe=true,Mashable,International,English,Online,Video/TV,
PLP,26,2,2014,Augmented reality could help amputees with phantom limb pain,https://www.theverge.com/2014/2/26/5449544/augmented-reality-could-help-amputees-with-phantom-limb-pain,The Verge,International,English,Online,Video/TV,
PLP,,,2014,Augmented Reality steuert computergenerierte Gliedmaßen,http://medonline.at/2014/augmented-reality-steuert-computergenerierte-gliedmassen/,MedOnline,Austria,German,Online,,Broken
OSS,3,11,2014,Avsnitt Robotarm och kometlandning,http://www.svtplay.se/video/2446971/vetenskapens-varld/avsnitt-10-robotarm-och-kometlandning,SVT Vetenskapens Värld,Sweden,Swedish,Video/TV,,Broken
OSS,9,8,2015,Baribara,,NHK,Japan,Japanese,Video/TV,,
PLP,26,2,2014,behandlar fantomlemmarsmärta med dataspel,http://www.skanskan.se/article/20140226/TTINRIKES/302269976/1162/-/behandlar-fantomsmaumlrta-med-dataspel,Skånskan,Sweden,Swedish,Online,,Broken
OSS,25,9,2015,"Behind the secret life of materials - Bionic Bodies, Materials 4 a Sustainable Future  - The Film",https://www.youtube.com/watch?list=PLmQdDYjAqXUnAELE2EPNcDtuUA1lK-QVI&v=6v6S5wZAAig,The Secret Life of Materials,International,English,Video/TV,,
OSS,23,1,2015,"Bendix, A., ""Sansende proteser på vej til at blive en del af kroppen""",,Ingeniøren,Denmark,Danish,Print,,
OSS,9,10,2014,Bionic arm restores a sense of feeling,https://www.bbc.com/news/health-29538385,BBC News,International,English,Online,,
OSS,10,10,2014,Bionic arm restores sense of feeling,https://nation.com.pk/10-Oct-2014/bionic-arm-restores-sense-of-feeling,The Nation,International,English,Online,,
PLP,13,1,2018,Bionic Bodies part 1 of 2,https://www.abc.net.au/Radio/Podcastsnational/programs/scienceshow/bionic-bodies-part-1-of-2/9325268,ABC,Australia,English,Radio/Podcasts,Online,
OSS,9,10,2014,Bionic hands move close to human control with sensation of touch,https://nationalpost.com/news/bionic-hands-move-close-to-human-control-with-sensation-of-touch,National Post,International,English,Online,,
OSS,1,5,2013,"Blancard, L. ""Un prothése va restaurer le sens du toucher""",,Science & Vie,France,French,Print,,
OSS,14,10,2014,Brain controlled prosthetic arm,https://www.thenakedscientists.com/Radio/Podcastss/naked-scientists-Radio/Podcasts/will-climate-change-cost-earth,The Naked Scientists,International,English,Radio/Podcasts,Online,Broken
OSS,9,10,2014,Brazos biónicos permiten recuperar las funciones y el tacto a amputados,http://www.elmundo.es/ciencia/2014/10/09/543680af268e3e63668b457d.html,El Mundo,Spain,Spanish,Online,,
OSS,16,10,2014,Bylt­ing í stjórn­un gervi­handa,http://www.mbl.is/frettir/innlent/2014/10/16/bylting_i_stjornun_gervihanda/,MBL,Iceland,Icelandic,Online,Video/TV,
PLP,26,2,2014,Chalmers researchers develop a new method for the treatment of phantom limb pain,http://bulletin.sciencebusiness.net/news/76468/Chalmers-researchers-develop-a-new-method-for-the-treatment-of-phantom-limb-pain,Science Business,International,English,Online,,Broken
PLP,9,9,2018,Chalmers University professor develops new theory for origin of 'phantom limb pain',https://www.medicalnewser.com/2018/09/09/chalmers-university-professor-develops-new-theory-for-origin-of-phantom-limb-pain.html,Medical Newser,International,English,Online,,Broken
PLP,6,9,2018,Chalmers University professor develops new theory for origin of 'phantom limb pain',https://www.news-medical.net/news/20180906/Chalmers-University-professor-develops-new-theory-for-origin-of-phantom-limb-pain.aspx,News Medical,International,English,Online,,
OSS,14,11,2012,Chalmers utvecklar tankestyrd protes,http://www.nyteknik.se/nyheter/bioteknik_lakemedel/medicin_teknik/article3582796.ece,NyTeknik,Sweden,Swedish,Online,,
OSS,11,10,2014,Cientistas criam prótese de braço controlada por cérebro mais avançada,http://www.techtudo.com.br/noticias/noticia/2014/10/cientistas-criam-protese-de-braco-controlada-por-cerebro-mais-avancada.html,Tech Tudo,Brazil,Portuguese,Online,Video/TV,
PLP,26,2,2014,Combinação de tecnologias ajuda a aliviar dores de 'membros fantasma',https://oglobo.globo.com/sociedade/saude/combinacao-de-tecnologias-ajuda-aliviar-dores-de-membros-fantasma-11724707,O Globo,Brazil,Portuguese,Online,,
PLP,26,2,2014,Combinação de tecnologias ajuda a aliviar dores de 'membros fantasma',https://extra.globo.com/noticias/saude-e-ciencia/combinacao-de-tecnologias-ajuda-aliviar-dores-de-membros-fantasma-11724991.html,Extra,Brazil,Portuguese,Online,,
PLP,26,2,2014,Computerspiel gegen den Phantomschmerz,https://sciencev2.orf.at/stories/1734141/index.html,Science ORF,Austria,German,Online,,
OSS,1,5,2014,Controlling Cybernetic Machines with the Human Mind,http://www.technologytoday.us/columnPDF/Controlling_Cybernetic_Machines_with_the_Human_Mind.pdf,Technology Today,USA,English,Online,,
PLP,19,4,2017,Could gaming technology help relieve phantom limb pain?,http://www.irishnews.com/magazine/science/2017/04/19/news/could-gaming-technology-help-relieve-phantom-limb-pain--1002034,The Irish News,International,English,Online,,
PLP,6,3,2014,Crea mexicano sistema que cura el síndrome del miembro fantasma,http://www.invdes.com.mx/tecnologia-mobil/4162-crea-mexicano-sistema-que-cura-el-sindrome-del-miembro-fantasma,Investigación y Desarrollo,Mexico,Spanish,Online,,Broken
OSS,5,2,2019,CSEM: une main artificielle sensible et fonctionnelle,https://www.laliberte.ch/news-agence/detail/csem-une-main-artificielle-sensible-et-fonctionnelle/474252,La Liberté,France,French,Online,,
OSS,15,2,2015,DARPA：4年内推出具备触觉的机械手,https://www.csdn.net/article/2015-02-15/2823978-darpa-moving-forward-on-developing-prostheses-with-sense-of-touch,CSDN,China,Chinese,Online,,
PLP,26,2,2014,Dataarm tar bort fantomsmärta,http://www.gp.se/nyheter/goteborg/1.2292278-goteborgsforskare-ar-pa-vag-att-losa-fantomsmartor,Göteborg Posten,Sweden,Swedish,Online,,Broken
PLP,26,2,2014,Dataspel lindrar fantomsmärtor,https://www.di.se/artiklar/2014/2/26/dataspel-lindrar-fantomsmartor/,Dagens Industri,Sweden,Swedish,Online,,
PLP,26,2,2014,Datorspel minskar fantomsmärtor,https://www.falkopingstidning.se/artikel/66121/datorspel-minskar-fantomsmartor/,Falköpings Tidning,Sweden,Swedish,Online,,
PLP,26,2,2014,Datorspel minskar fantomsmärtor,http://www.skovdenyheter.se/artikel/66121/datorspel-minskar-fantomsmartor,Skövde Nyheter,Sweden,Swedish,Online,,
PLP,26,2,2014,Datorspel minskar fantomsmärtor,http://www.skaraborgslanstidning.se/artikel/66121/datorspel-minskar-fantomsmartor,Skaraborgs Läns Tidning,Sweden,Swedish,Online,,
PLP,26,2,2014,Datorspel minskar fantomsmärtor,http://www.vastgotabladet.se/artikel/66121/datorspel-minskar-fantomsmartor,Västgöta Bladet,Sweden,Swedish,Online,,
OSS,28,12,2012,De största upptäckterna 2012,https://www.svt.se/nyheter/vetenskap/de-storsta-upptackterna-2012,SVT Nyheter,Sweden,Swedish,Online,,
OSS,12,12,2014,De tio viktigaste forskningsnyheterna år 2014,http://www.dagensmedicin.se/artiklar/2014/12/12/immunterapi-mot-melanom-knep-andraplatsen/,Dagens Medicin,Sweden,Swedish,Online,,
OSS,30,11,2012,Découvrez la main bionique qui peut être contrôlée par la pensée,https://www.maxisciences.com/prothese/decouvrez-la-main-bionique-qui-peut-etre-controlee-par-la-pensee_art27753.html,Maxi Sciences,France,French,Online,Video/TV,
PLP,1,1,2015,"""Des Jeux contre les membre fantômes""",,Giphar Magazine,France,French,Print,,
PLP,1,10,2018,Desentrañando los misterios del dolor del miembro fantasma,https://hipertextual.com/2018/10/desentranando-misterios-dolor-miembro-fantasma,Hipertextual,Spain,Spanish,Online,,
OSS,,,2018,Diseño mexicano en suecia primera protesis con conexion directa a hueso nervios y musculos,http://www.invdes.com.mx/tecnologia-mobil/10624-disena-mexicano-en-suecia-primera-protesis-con-conexion-directa-a-hueso-nervios-y-musculos,Investigación y Desarrollo,Mexico,Spanish,Online,,Broken
OSS,25,4,2018,"Dr. Mouna: ""tricking the brain into accepting prosthetics as genuine""",https://www.tv4play.se/program/nyhetsmorgon/3968116,TV 4 Play,Sweden,Swedish,Video/TV,,
OSS,28,10,2014,"Eerste kunstarm direct gekoppeld aan bot, zenuwen en spieren",http://www.rtlnieuws.nl/economie/toekomstmakers/eerste-kunstarm-direct-gekoppeld-aan-bot-zenuwen-en-spieren,RTL Nieuws,Denmark,Danish,Online,Video/TV,
OSS,7,5,2019,Einzigartige High-Tech-Revolution - Prothesen Mit Fingerspizengefüh,https://www.youtube.com/watch?v=rD066gDKGDc,Galileo,Germany,German,Online,Video/TV,
OSS,21,10,2014,Elektroden verleihen neues Feingefühl,https://www.deutschlandfunk.de/handprothesen-elektroden-verleihen-neues-feingefuehl.676.de.html?dram:article_id=300953,Deutchlandfunk,Germany,German,Online,,
PLP,5,3,2014,Escucha La Mañana de 10 a 11,https://www.cope.es/archivo/programas/la-manana/audios/escucha-manana-20140305_285624,Cope España,Spain,Spanish,Radio/Podcasts,,
OSS,27,10,2013,"Fahl, H., ""I gränslandet mellan människa och maskin""",,Dagens Nyheter,Sweden,Swedish,Print,,
PLP,3,3,2014,Faire bouger un membre fantôme,https://www.lemonde.fr/sciences/article/2014/03/03/faire-bouger-un-membre-fantome_4376733_1650684.html?xtmc=max_ortiz_catalan&xtcr=1,LeMonde,France,French,Online,,
PLP,25,2,2014,Fantomsmärta lindrad efter 48 år,https://www.svt.se/nyheter/vetenskap/fantomsmarta-lindrad-efter-48-ar,SVT Nyheter,Sweden,Swedish,Online,,
PLP,2,12,2016,Fantomsmärtor lindras av virtuell verklighet ,https://www.dagensmedicin.se/artiklar/2016/12/02/fantomsmartor-lindras-av-virtuell-verklighet/,Dagens Medicin,Sweden,Swedish,Online,Video/TV,
PLP,26,2,2014,Fantosmärtor behandlas virtuellt,http://sverigesRadio/Podcasts.se/sida/avsnitt/329282?programid=412&playepisode=329282,Vetandets Värld,Sweden,Swedish,Radio/Podcasts,,Broken
PLP,3,11,2014,Fim da dor que não deveria existir,"http://www.correiobraziliense.com.br/app/noticia/eu-estudante/me_gerais/2014/03/11/me_gerais_interna,416803/o-fim-da-dor-que-nao-deveria-existir.shtml",Correio Braziliense,Brazil,Portuguese,Online,,Broken
PLP,8,3,2014,Fin de Semana,http://www.cope.es/player/Asi-fue-la-cuarta-hora-de-Fin-de-Semana-8-de-marzo&id=2014030814230001&activo=10,Cope España,Spain,Spanish,Radio/Podcasts,,
OSS,12,10,2014,First mind-controlled prosthetic arm can hold egg without smashing it (VIDEO),https://www.rt.com/news/195336-sweden-prosthetic-arm-feeling/,RT,International,English,Online,Video/TV,
OSS,14,3,2014,"First prosthesis in the world with direct connection to bone, nerves and muscles",https://www.sciencedaily.com/releases/2016/03/160314141412.htm?platform=hootsuite,Science Daily,International,English,Online,,
OSS,6,2,2019,First prosthetic hand with tactile sensations successfully implanted,https://www.theengineer.co.uk/prosthetic-hand-tactile-sensations/,The Engineer,UK,English,Online,Video/TV,
OSS,10,12,2018,Flex Your Wrist with the Help of Some Robotic Joints,https://www.machinedesign.com/motion-control/flex-your-wrist-help-some-robotic-joints,Machine Design,International,English,Online,Video/TV,
OSS,8,10,2014,Först i världen med robotarm,https://www.svt.se/nyheter/vetenskap/svensk-forst-i-varlden-med-robotarm,SVT Nyheter,Sweden,Swedish,Online,,
OSS,8,9,2015,Future Now,,Discovery Channel,International,English,Video/TV,,
OSS,6,12,2014,Futuremag,,ARTE (France),France,French,Video/TV,,
PLP,6,4,2016,"Futuremag, Emission #16",http://www.futuremag.fr/emission/emission-16,Arte (France),France,French,Video/TV,,Broken
PLP,6,4,2016,"Futuremag, Emission #16",http://www.futuremag.de/sendung/sendung-16,Arte (Germany),Germany,German,Video/TV,,Broken
PLP,20,3,2014,"Futuremag, Soigner l'esprit avec la réalité virtuelle ",http://www.dailymotion.com/video/x1vsoco_soigner-l-esprit-avec-la-realite-virtuelle-futuremag-arte_tv,Arte,France,French,Video/TV,,
PLP,3,11,2018,"GP.""Smartare proteser""",http://www.gp.se/ekonomi/s%C3%A5-kan-ai-f%C3%B6rvandla-v%C3%A5rden-1.10333887,Göteborg Posten,Sweden,Swedish,Print,Online,
OSS,17,11,2014,Han styr sin armprotes med sina tanker,http://www.tv4.se/efter-tio/klipp/han-styr-sin-armprotes-med-sina-tankar-3015022,TV 4 Malou efter tio,Sweden,Swedish,Video/TV,,Broken
OSS,6,4,2017,"Hearing, touch mediate sensations via osseointegraged prostheses",https://www.sciencedaily.com/releases/2017/04/170406102618.htm,Science Daily,International,English,Online,,
PLP,26,2,2014,"Henriksson, D., ""Unik terapi mot fantomsmärtor""",,Göteborg Posten,Sweden,Swedish,Print,,
OSS,27,2,2013,"Henriksson, D., ""Operationen lyckades""",,Göteborg Posten,Sweden,Swedish,Print,,
OSS,27,12,2012,"Henriksson, D., ""Protesen som tänker själv""",,Göteborg Posten,Sweden,Swedish,Print,,
OSS,,,2014,"Hericsson, P., ""Tanken styr protesen""",,Elektronic Tidningen,Sweden,Swedish,Print,,
PLP,15,4,2014,"Hochnadel, L., ""Myoelectric Signals, VR Ease Phantom Limb Pain""",,The O & P Edge,International,English,Print,,
OSS,1,1,2013,"Hochnadel, L., ""Technology advances to control osseointegrated prosthetic arms""",,The O & P Edge,USA,English,Print,,
PLP,26,2,2014,How Augmented Reality Can Relieve Phantom Limb Pain,http://www.emdt.co.uk/daily-buzz/how-augmented-reality-can-relieve-phantom-limb-pain?cid=nl.emdt03,EMDT,International,English,Online,,Broken
PLP,25,2,2014,How to get rid of phantom limb pain: Put it back to work,https://www.science20.com/news_articles/how_get_rid_phantom_limb_pain_put_it_back_work-130488,Science 2.0,International,English,Online,Video/TV,
PLP,3,3,2014,How video games and aumented reality could cure phantom limb pain,https://www.polygon.com/2014/3/3/5462508/phantom-pain-video-game-treatment,Polygon,International,English,Online,Video/TV,
OSS,4,11,2014,Human-machine interfaces expand the functionality of prosthetic limbs,https://www.nature.com/articles/nrneurol.2014.212,Nature Reviews Neurology,International,English,Online,,
OSS,12,12,2014,Immunterapi mot melanom knep andraplatsen,https://www.dagensmedicin.se/artiklar/2014/12/12/immunterapi-mot-melanom-knep-andraplatsen/,Dagens Medicin,Sweden,Swedish,Online,,
OSS,5,2,2019,"In una donna la prima mano bionica, impiantata in Svezia con tecnologia italiana",https://www.huffingtonpost.it/2019/02/05/in-una-donna-la-prima-mano-bionica-impiantata-in-svezia-con-tecnologia-italiana_a_23662063/,Huffpost,Italy,Italian,Online,Video/TV,
OSS,29,11,2018,Ingeniero mexicano diseña prótesis que restaura movimientos de la mano,https://noticieros.televisa.com/videos/ingeniero-mexicano-disena-protesis-restaura-movimientos-mano/,Televisa News,Mexico,Spanish,Online,Video/TV,
OSS,11,3,2016,Inventan primer prótesis con sensibilidad,https://www.youtube.com/watch?v=Xm5qBIzv4bM&feature=youtu.be,Andrea Jaramillo,Spain,Spanish,Video/TV,,
OSS,,,2013,"Issue #8, 2013:9",,Science Illustrated,International,English,Print,,
OSS,,,2013,Issue 5,,AT Today,UK,English,Print,,
OSS,31,1,2015,"Johansson, A., ""Medicinexport Lyfts in på banan""",,Göteborg Posten,Sweden,Swedish,Print,,
OSS,14,12,2012,"Karlsson, J., ""Tankestyrd protes förändrar""",,Electronik Norden,Sweden,Swedish,Print,,
OSS,28,11,2018,Konstgjord led ger amputerade rörelseförmåga tillbaka i handleden,https://www.forskning.se/2018/11/28/konstgjord-led-ger-amputerade-rorelseformaga-tillbaka-i-handleden/,Forskning,Sweden,Swedish,Online,Video/TV,
OSS,1,8,2019,Kropp och skruv växer ihop,,Handvändningen magazine,Sweden,Swedish,Print,,
OSS,14,12,2012,La première prothèse de bras robotisée contrôlée par la pensée,http://www.futura-sciences.com/magazines/high-tech/infos/actu/d/robotique-premiere-prothese-bras-robotisee-controlee-pensee-43369/,Futura Sciences,France,French,Online,Video/TV,
OSS,5,2,2019,La prima mano robotica impiantata per tutta la vita,https://www.wired.it/attualita/tech/2019/02/05/mano-robotica-impiantata/,Wired,Italy,Italian,Online,Video/TV,
OSS,14,10,2014,La prothèse de bras contrôlée par la pensée utilisée au quotidien,http://www.futura-sciences.com/magazines/high-tech/infos/actu/d/technologie-prothese-bras-controlee-pensee-utilisee-quotidien-55595/,Futura Sciences,France,French,Online,,
PLP,27,2,2014,La realite augmentee au secours des membres fantomes,http://sante.doctissimo.fr/blog/18931-La-realite-augmentee-au-secours-des-membres-fantomes.html,Le Scan,France,French,Online,,
PLP,27,2,2014,La réalité augmentée pour lutter contre la douleur fantôme chez les amputés,https://www.generation-nt.com/realite-augmentee-pour-lutter-contre-douleur-fantome-chez-amputes-actualite-1857712.html,GNT,France,French,Online,Video/TV,
PLP,8,12,2016,La réalité augmentée pour soulager les douleurs du membre fantôme,https://www.sciencesetavenir.fr/sante/cerveau-et-psy/amputation-la-realite-augmentee-pour-soulager-les-douleurs-du-membre-fantome_108649,Sciences Avenir,France,French,Online,Video/TV,
OSS,10,10,2014,Le bras artificiel contrôlé par la pensée... deux ans après,http://www.sciencesetavenir.fr/sante/20141010.OBS1767/video-le-bras-artificiel-controle-par-la-pensee-deux-ans-apres.html,Science et Avenir,France,French,Online,Video/TV,
PLP,26,2,2014,Le Magazine de la santé,http://www.allodocteurs.fr/video.asp?idvideo=386,France 5,France,French,Video/TV,,Broken
OSS,,,2014,Lending a helping hand,https://thepositive.com/lending-a-helping-hand/,The Jupital,International,English,Online,,
OSS,,,2014,Lending a helping hand,https://newatlas.com/mind-controlled-prosthetics-robotic-mechatronic/34184/?utm_source=Gizmag+Subscribers&utm_campaign=43d435ac53-UA-2235360-4&utm_medium=email&utm_term=0_65b67362bd-43d435ac53-76705984,New Atlas,International,English,Online,Video/TV,
OSS,,,2014,"Lönn, A., ""Framsted inom forskning och teknik""",,Pappers Tidning,Sweden,Swedish,Print,,
PLP,11,9,2018,"Losowe splątanie, które boli","https://kopalniawiedzy.pl/fantomowy-bol-konczyn-stochastyczne-splatanie-obwod-neuronalny-siec-Max-Ortiz-Catalan,28780",Kopalnia Wiedzy,Poland,Polish,Online,,
OSS,5,2,2019,Made in Italy: la mano robotica impiantata in Svezia è nata a Pisa,https://st.ilsole24ore.com/art/tecnologie/2019-02-05/in-svezia-primo-impianto-permanente-mondo-mano-robotica-protesi-sviluppata-pisa-104114.shtml?refresh_ce=1,Technologia,International,Italian,Online,Video/TV,
OSS,,,2014,Man with first mind-controlled prosthetic arm shows off his new skills,https://www.telegraph.co.uk/science/science-news/11150037/Man-with-first-mind-controlled-prosthetic-arm-shows-off-his-new-skills.html,The Telegraph,UK,English,Online,,Broken
OSS,30,11,2012,Mano artificiale controllata con la mente esegue fedelmente tutti i movimenti (video),http://altadefinizione.hdblog.it/2012/11/30/mano-artificiale-controllata-con-la-mente-esegue-fedelmente-tutti-i-movimenti-video/,Alta Definizione,Italy,Italian,Online,Video/TV,
OSS,6,2,2019,Mano robotica permanente installata: si va verso gli uomini bionici,http://www.affaritaliani.it/sport/milan-news/mano-robotica-permanente-installata-si-va-verso-gli-uomini-bionici-586176.html,Affaritaliani,Italy,Italian,Online,,Broken
OSS,5,2,2019,Mano robotica: il primo impianto permanente,https://www.focus.it/scienza/salute/mano-robotica-il-primo-impianto-permanente,Focus,Italy,Italian,Online,Video/TV,
OSS,9,10,2014,Manos y brazos biónicos devuelven el tacto a amputados,http://www.agenciasinc.es/Noticias/Manos-y-brazos-bionicos-permiten-recuperar-la-funcionalidad-y-el-tacto-a-amputados2,Sinc,Spain,Spanish,Online,,
OSS,4,10,2016,"Meet Magnus, the cyborg Olympian with an implanted bionic arm",https://www.wired.co.uk/article/magnus-first-athlete-implanted-bionic-arm,Wired,UK,English,Online,,
PLP,2,3,2014,"Mexicano crea un nuevo método para combatir el ""dolor fantasma""",https://codigoespagueti.com/noticias/metodo-dolor-fantasma/,Codigo Espagueti,Mexico,Spanish,Online,Video/TV,
PLP,2,3,2014,"Mexicano crea un nuevo método para combatir el ""dolor fantasma""",http://www.elgolfo.info/elgolfo/nota/236426-mexicano-crea-un-nuevo-metodo-para-combatir-el-dolor-fantasma/,El Golfo,Mexico,Spanish,Online,,Broken
OSS,9,10,2014,Mexicano desarrolla prótesis controlada  interfaz directa hueso,https://www.eldiariodecoahuila.com.mx/notas/2014/10/9/mexicano-desarrolla-protesis-controlada-interfaz-directa-hueso-459707.asp,El Diario,Mexico,Spanish,Online,,Broken
PLP,,,2014,Miembro fantasma,http://www.universocanario.com/salud/bienestar/miembro-fantasma/brazo-virtual/327550,Universo Canario,,Spanish,Online,,Broken
OSS,14,10,2014,Mind Controlled Prosthetics Become a Reality,http://www.engineering.com/DesignerEdge/DesignerEdgeArticles/ArticleID/8695/Mind-Controlled-Prosthetics-Become-a-Reality.aspx,Engineering,International,English,Online,,
OSS,28,11,2012,Mind-Controlled Artificial Limbs Fusing Man and Machine Coming Next Year,https://www.wired.com/2012/11/mind-controlled-robotic-arm/,Wired,International,English,Online,,
OSS,13,10,2014,Mind-controlled mechatronic prosthetic a reality,https://newatlas.com/mind-controlled-prosthetics-robotic-mechatronic/34184/?utm_source=Gizmag+Subscribers&utm_campaign=43d435ac53-UA-2235360-4&utm_medium=email&utm_term=0_65b67362bd-43d435ac53-76705984,New Atlas,International,English,Online,Video/TV,
OSS,29,11,2012,Mind-controlled permanently-attached prosthetic arm could revolutionize prosthetics,http://www.gizmag.com/thought-controlled-prosthetic-arm/25216/,New Atlas,International,English,Online,,
OSS,8,10,2014,Mind-controlled prosthetic arm now a reality,https://www.cnet.com/news/mind-controlled-prosthetic-arm-now-reality/,CNET,International,English,Online,Video/TV,
OSS,8,10,2014,Mind-controlled prosthetic arm reaches one-year+ milestone,http://www.oandp.com/articles/NEWS_2014-10-08_02.asp,The O & P Edge,USA,English,Online,,
OSS,29,10,2014,Mind-controlled prosthetic arm restores amputee dexterity,https://www.reuters.com/video/2014/10/29/mind-controlled-prosthetic-arm-restores?videoId=346739932,Reuters,International,English,Online,Video/TV,
OSS,8,10,2014,Mind-controlled prosthetic arm tested in sweden,https://www.newsweek.com/mind-controlled-prosthetic-arm-tested-sweden-276281,Newsweek,International,English,Online,Video/TV,
OSS,8,10,2014,Mind-controlled prosthetic arms that work in daily life are now a reality,https://www.sciencedaily.com/releases/2014/10/141008153616.htm,Science Daily,International,English,Online,,
OSS,9,10,2014,Mind-Controlled Prosthetic Limbs are Now a Reality in Daily Life (VIDEO),http://www.scienceworldreport.com/articles/17859/20141009/mind-controlled-prosthetic-limbs-now-reality-daily-life-video.htm,Science World Report,International,English,Online,Video/TV,
OSS,8,10,2014,"Mind-controlled prosthetic limbs let patients ""feel"" objects",http://www.cbsnews.com/news/cutting-edge-prosthetic-limbs-transform-amputees-lives/,CBS News,International,English,Online,Video/TV,
OSS,11,10,2014,Mind-Controlled Prosthetics: A New Clinical Reality,https://www.meddeviceonline.com/doc/mind-controlled-prosthetics-a-new-clinical-reality-0001,Med Device Online,International,English,Online,Video/TV,
OSS,9,10,2014,Mind-controlled prothetic arms that work in daily life are now a reality,https://www.nanowerk.com/news2/robotics/newsid=37679.php,Nanowerk,International,English,Online,,
OSS,7,2,2019,Mujer recibe el primer implante óseo-neuromuscular de impulsos eléctricos,https://noticieros.televisa.com/videos/mujer-recibe-el-primer-implante-oseo-neuromuscular/,Televisa News,Mexico,Spanish,Online,Video/TV,
OSS,22,2,2013,Muscle- and nerve-controlled prosthetic arm unveiled,http://www.oandp.com/articles/NEWS_2013-02-22_01.asp,The O & P Edge,USA,English,Online,,
OSS,10,10,2014,Nachrichten,,Neue Zürcher Zeitung,Switzerland,German,Print,,
PLP,8,9,2018,"Näsström A., ""Fantomsmärta förklaras av forskare""",,Göteborg Posten,Sweden,Swedish,Print,,
PLP,1,1,2017,"Nature Biotechnology: Research Highlights, Vol. 35, No. 1",http://www.nature.com/nbt/journal/v35/n1/pdf/nbt.3759.pdf,Nature,International,English,Online,,
OSS,,,2014,"Nature Reviews Neurology. ""Human-machine interfaces expand the functionality of prosthetic limbs"", Vol. 10, 671",http://www.nature.com/nrneurol/journal/vaop/ncurrent/full/nrneurol.2014.212.html,Nature,International,English,Print,,
OSS,,,2014,Nerve connected prothesis,http://eandt.theiet.org/news/2014/oct/nerve-connected-prosthesis.cfm,E & T,International,English,Online,,Broken
OSS,9,10,2014,Nerve implants let patients feel through artificial fingers,https://www.nbcnews.com/health/health-news/nerve-implants-let-patients-feel-through-artificial-fingers-n221651,NBC News,International,English,Online,Video/TV,
OSS,6,11,2014,"Neural Interface Activates a Sense of Touch in Prosthetic Limbs. Vol. 14, Issue 21",https://journals.lww.com/neurotodayonline/Fulltext/2014/11060/Neural_Interface_Activates_a_Sense_of_Touch_in.7.aspx,Neurology Today,International,English,Print,,
PLP,,,2015,Neuromotus: Improving lives of amputees,http://www.tea-after-twelve.com/all-issues/issue-02/issue-02-overview/chapter3/improving-live-of-amputees/,Tea after Twelve,International,English,Online,,
OSS,,,2014,New device may draw us closer to mind controlled protheses,http://www.healio.com/orthotics-prosthetics/prosthetics/news/online/%7B12369780-5ea3-4558-98e4-e69ada56a56d%7D/new-device-may-draw-op-closer-to-mind-controlled-prostheses,Orthopodics today,International,English,Online,,Broken
PLP,26,2,2014,New method developed for treatment of phantom limb pain after amputation,https://www.redorbit.com/news/health/1113081378/new-method-treats-phantom-limb-pain-after-amputation-022614/,RedOrbit,International,English,Online,,
PLP,26,2,2014,New method developed to treat phantom limb pain ,http://www.healio.com/orthotics-prosthetics/health-care-updates/news/online/%7Bb73efd99-5987-4c4e-bbfa-2b3617cfcb01%7D/new-method-developed-to-treat-phantom-limb-pain,Helio,International,English,Online,,
OSS,8,10,2014,New prosthetic technology helps patients 'feel' objects,https://www.newsy.com/videos/new-prosthetic-technology-helps-patients-feel-objects/,Newsy,International,English,Online,Video/TV,
PLP,12,10,2018,"New research, tool center on treating PLP ",https://opedge.com/Articles/ViewArticle/2018-10-12/new-research-tools-center-on-treating-plp,Edge,USA,English,Online,,
PLP,6,9,2018,New theory for better therapy,https://www.wallstreet-online.de/nachricht/10843461-phantomschmerz-theorie-bessere-therapie,Wallstreet Online,International,German,Online,,
PLP,11,9,2018,New Theory for Phantom Limb Pain Offers a Possible Treatment,http://www.rehabpub.com/2018/09/new-theory-phantom-limb-pain-offers-possible-treatment/?ref=fr-img,Rehabmanagement,International,English,Online,,
PLP,11,9,2018,New theory for phantom limb pain points way to more effective treatment,http://www.poandpo.com/in-sickness-and-health/new-theory-for-phantom-limb-pain-points-way-to-more-effective-treatment-1192018323/,Post Online Media,International,English,Online,,
PLP,11,9,2018,New Theory of Phantom Limb Pain,http://en.farsnews.com/newstext.aspx?nn=13970620000326,Farnews,International,English,Online,,
PLP,6,9,2018,New theory of phantom pain shows the way to more effective treatment,http://www.mynewsdesk.com/se/chalmers/pressreleases/ny-teori-om-fantomsmaertor-visar-vaegen-mot-effektivare-behandling-2678073,My News Desk,International,Swedish,Online,,
PLP,7,9,2018,New Theory Ties Phantom Limb Pain to Misfiring Neurons,https://www.geek.com/news/new-theory-ties-phantom-limb-pain-to-misfiring-neurons-1751622/,Geek,International,English,Online,Video/TV,
OSS,1,11,2014,Newsday,,The Week,UK,English,Print,,
OSS,9,10,2014,Newsday,,BBC World Service Radio,International,English,Radio/Podcasts,,
OSS,1,9,2015,Next Human,,KBS,Korea,Korean,Video/TV,,
OSS,10,10,2014,Niezwykła proteza ramienia przywróciła pacjentowi zmysł dotyku,https://zmianynaziemi.pl/wiadomosc/niezwykla-proteza-ramienia-przywrocila-pacjentowi-zmysl-dotyku,Zmiany na Ziemi,Poland,Polish,Online,Video/TV,
OSS,9,10,2014,Novos braços mecânicos aumentam liberdade de movimentos delicados e bruscos,"https://www.correiobraziliense.com.br/app/noticia/ciencia-e-saude/2014/10/09/interna_ciencia_saude,451567/novos-bracos-mecanicos-aumentam-liberdade-de-movimentos-delicados-e-bruscos.shtml",Correio Braziliense,Brazil,Portuguese,Online,Video/TV,
OSS,,,2014,Now a robot hand that both grips and feels,http://timesofindia.indiatimes.com/home/science/Now-a-robot-hand-that-both-grips-and-feels/articleshow/44788478.cms,Times of India,India,English,Online,,Broken
PLP,10,3,2014,Nowa (skuteczna) metoda leczenia bólu kończyny fantomowej,"https://kopalniawiedzy.pl/bol-konczyna-fantomowa-rzeczywistosc-rozszerzona-sygal-miesniowy-elektroda-obszary-ruchowe-sprzezenie-zwrotne-Max-Ortiz-Catalan,19887",Kopalnia Wiedzy,Poland,Polish,Online,,
OSS,14,10,2014,Nowatorska proteza ręki: jest sterowana myślą i przywraca czucie w dłoni,"http://wyborcza.pl/1,75476,16798124,Nowatorska_proteza_reki__jest_sterowana_mysla_i_przywraca.html",Wyborcza,Poland,Polish,Online,Video/TV,
OSS,9,10,2014,Nuevo brazo biónico sigue impulsos de los nervios,http://www.nacion.com/vivir/medicina/Nuevo-brazo-bionico-impulsos-nervios_0_1444055586.html,La Nación,Spain,Spanish,Online,,
OSS,12,1,2019,Nuevo sistema para restaurar los movimientos de la muñeca a personas amputadas,https://www.consalud.es/saludigital/138/nuevo-sistema-restaurar-movimientos-muneca-personas-amputadas_58688_102.html.,Con Salud,Spain,Spanish,Online,,Broken
PLP,6,9,2018,Ny teori om fantomsmärtor visar vägen mot effektivare behandling,https://expertsvar.se/pressmeddelanden/ny-teori-om-fantomsmartor-visar-vagen-mot-effektivare-behandling/,Expert Svar,Sweden,Swedish,Online,,
PLP,6,9,2018,Ny teori om fantomsmärtor visar vägen mot effektivare behandling,http://www.orebronyheter.com/ny-teori-om-fantomsmartor-visar-vagen-mot-effektivare-behandling/,Örebro Nyheter,Sweden,Swedish,Online,,
PLP,5,3,2014,Nyhetsmorgon,http://www.tv4.se/nyhetsmorgon/klipp/virtuell-3d-v%C3%A4rld-lindrar-tures-fantomsm%C3%A4rtor-2568565,TV4 ,Sweden,Swedish,Online,,Broken
PLP,11,9,2018,Ofrecen explicación a aparición de 'miembros fantasma' tras amputación,https://noticiassin.com/ofrecen-explicacion-a-aparicion-de-miembros-fantasma-tras-amputacion/,Noticias SIN,Dominican Republic,Spanish,Online,,
OSS,11,10,2014,"Once more, with feeling",https://www.economist.com/science-and-technology/2014/10/11/once-more-with-feeling,The Economist,International,English,Online,,
PLP,27,2,2014,Op de pc getekende nephand doet fantoompijn vervagen,http://www.demorgen.be/dm/nl/992/Wetenschap/article/detail/1801740/2014/02/27/Op-de-pc-getekende-nephand-doet-fantoompijn-vervagen.dhtml,DeMorgen,Belgium,Dutch,Online,,Broken
PLP,27,2,2014,Op de pc getekende nephand wuift fantoompijn geamputeerde weg,https://www.volkskrant.nl/mensen/op-de-pc-getekende-nephand-wuift-fantoompijn-geamputeerde-weg~bb04218c/,deVolkskrant,Netherlands,Dutch,Online,,
PLP,6,3,2014,Pesquisador desenvolve braço artificial controlado pelo pensamento,https://veja.abril.com.br/ciencia/pesquisador-desenvolve-braco-artificial-controlado-pelo-pensamento/,Veja,Brazil,Portuguese,Online,,
OSS,4,12,2012,Pesquisador desenvolve braço artificial controlado pelo pensamento,http://veja.abril.com.br/noticia/ciencia/pesquisadores-apresentam-braco-artificial-controlado-pelo-pensamento,Veja,Brazil,Portuguese,Online,,
PLP,2,3,2014,Phantom limb pain relieved when amputated arm is put back to work,https://www.healthcanal.com/disorders-conditions/pain/48305-phantom-limb-pain-relieved-when-amputated-arm-is-put-back-to-work.html,HealthCanal,International,English,Online,,
PLP,26,2,2014,Phantom limb pain relieved when amputated arm is put back to work,https://www.ecnmag.com/news/2014/02/phantom-limb-pain-relieved-when-amputated-arm-put-back-work,ECN,International,English,Online,Video/TV,
PLP,26,2,2014,Phantom limb pain relieved when amputated arm is put back to work,https://www.sciencecodex.com/phantom_limb_pain_relieved_when_amputated_arm_is_put_back_to_work-128612,Science Codex,International,English,Online,Video/TV,
PLP,25,2,2014,Phantom limb pain relieved when amputated arm is put back to work,https://www.sciencedaily.com/releases/2014/02/140225162656.htm,Science Daily,International,English,Online,,
PLP,25,2,2014,Phantom limb pain relieved when amputated arm is put back to work (w/Video),https://medicalxpress.com/news/2014-02-phantom-limb-pain-relieved-amputated.html?src_id=alt,Medical Xpress,International,English,Online,Video/TV,
PLP,11,3,2014,Phantom limb pain relieved with augmented reality,http://www.ehealthnews.eu/development/3852-phantom-limb-pain-relieved-with-augmented-reality,eHealthNews,International,English,Online,Video/TV,
PLP,26,2,2014,Phantom limb pain: potential new treatment method for amputees,https://www.medicalnewstoday.com/articles/273130.php,Medical News Today,International,English,Online,,
PLP,26,2,2015,Phantom limb patients treated in virtual reality,https://www.thelocal.se/20140226/phantom-limb-patients-treated-by-computer-games,The Local,International,English,Online,Video/TV,
PLP,25,2,2014,Phantom menace: augmented reality eases missing limb pain,https://theconversation.com/phantom-menace-augmented-reality-eases-missing-limb-pain-23479,The Conversation,International,English,Online,Video/TV,
PLP,10,12,2016,"Phantom motor execution facilitated by machine learning and augmented reality as treatment for phantom limb pain: a single group, clinical trial in patients with chronic intractable phantom limb pain",https://www.thelancet.com/journals/lancet/article/PIIS0140-6736(16)31598-7/fulltext#relAudio,The Lancet,International,English,Online,Radio/Podcasts,
PLP,1,12,2016,Phantom movements in augmented reality helps patients with intractable phantom limb pain,https://www.eurekalert.org/pub_releases/2016-12/cuot-pmi113016.php,EurekAlert!,International,English,Online,Video/TV,
PLP,6,9,2018,"Phantom pain breakthrough uses machine learning, augmented reality",https://www.infowars.com/phantom-pain-breakthrough-uses-machine-learning-augmented-reality/,Infowars,International,English,Online,,
PLP,6,9,2018,Phantomschmerz: Theorie für bessere Therapie,https://www.pressetext.com/news/20180906020,Pressetext,Germany,German,Online,,
PLP,,,2014,Phantomschmerzen lassen sich wegtrainieren,http://www.vdi-nachrichten.com/Technik-Wirtschaft/Phantomschmerzen-lassen-wegtrainieren,VDI nachrichten,Germany,German,Online,,Broken
OSS,5,2,2019,Primer transplante permanente de mano robótica (+video),http://bohemia.cu/tecnologia/2019/02/realizan-primer-transplante-permanente-de-mano-robotica/,Bohemia,Cuba,Spanish,Online,,
OSS,5,2,2019,Primo impianto permanente al mondo di mano robotica,https://www.repubblica.it/salute/medicina-e-ricerca/2019/02/05/news/primo_impianto_permanente_al_mondo_di_una_mano_robotica-218340585/,la Repubblica,Italy,Italian,Online,,
OSS,5,2,2019,Primo impianto permanente al mondo di una mano robotica,http://www.ansa.it/sito/notizie/tecnologia/hitech/2019/02/05/primo-impianto-permanente-al-mondo-di-una-mano-robotica-foto-e-video_db09d383-444a-451b-bab7-63f55465798f.html,Ansa,Italy,Italian,Online,Video/TV,
OSS,9,10,2014,Prosthetic arm controlled by brain successfully developed,http://www.medicalnewstoday.com/articles/283640.php,Medical News Today,International,English,Online,,
OSS,8,10,2014,Prosthetic hand recreates feeling of cotton bud touch,http://www.newscientist.com/article/dn26346-prosthetic-hand-recreates-feeling-of-cotton-bud-touch.html,New Scientist,International,English,Online,,
OSS,1,10,2014,Prosthetic hands bestowed with a sense of touch,http://news.sciencemag.org/brain-behavior/2014/10/prosthetic-hands-bestowed-sense-touch,ScienceMag,International,English,Online,,Broken
OSS,28,11,2018,Prosthetic implant provides realistic wrist movement to amputees,https://www.theengineer.co.uk/prosthetic-implant-wrist-movement/,The Engineer,UK,English,Online,Video/TV,
OSS,,,2012,Protesen som styrs av tankarna,http://www.netcommunity.se/201211226544/EL/Elektronik/Artiklar/Protesen-som-styrs-av-tankarna-6544/menu-id-516,Net Community,Sweden,Swedish,Online,,
OSS,9,10,2014,Prótesis controlada con una interfaz directa al hueso,https://www.unocero.com/categoria/smartphones/,Unocero,Mexico,Spanish,Online,,Broken
OSS,9,10,2014,Proteza połączona bezpośrednio z ciałem pacjenta przywróciła mu zmysł dotyku,https://whatnext.pl/proteza-polaczona-bezposrednio-cialem-pacjenta/,Whatnext,Poland,Polish,Online,,
OSS,9,10,2014,Prothese über Gedanken gesteuert,https://sverigesRadio/Podcasts.se/sida/artikel.aspx?programid=2108&artikel=5986925,Radio Sweden,Germany,German,Radio/Podcasts,,Broken
OSS,20,10,2014,První pevné spojení nervů: robotická ruka vrátila pacientovi hmat,http://e-svet.e15.cz/technika/prvni-pevne-spojeni-nervu-roboticka-ruka-vratila-pacientovi-hmat-1129769,E15,Czech,Czech,Online,Video/TV,
PLP,4,12,2018,Que causa el dolor del miembro fantasma,http://www.conacytprensa.mx/index.php/ciencia/salud/24293-causa-dolor-miembro-fantasma?platform=hootsuite,Cienciamx,Mexico,Spanish,Online,,
OSS,29,11,2012,"Razvili prvu robotsku ruku, protezu kojom se upravlja mislima",http://www.vecernji.hr/vijesti/video-razvili-prvu-robotsku-ruku-protezu-kojom-se-upravlja-mislima-clanak-480928,Vecernji,Croatia,Croatian,Online,Video/TV,
PLP,27,2,2014,Realidade virtual ajuda a diminuir a dor de homem que ficou sem antebraço,https://www.publico.pt/2014/02/27/ciencia/noticia/realidade-virtual-ajuda-a-diminuir-a-dor-de-homem-que-ficou-sem-antebraco-1626289,Publico,Portugal,Portuguese,Online,,
OSS,5,2,2019,Realizan primer implante permanente en el mundo de una mano robótica,http://lademajagua.cu/realizan-primer-implante-permanente-mundo-una-mano-robotica/,La Demajagua,Cuba,Spanish,Online,,
OSS,1,8,2010,"Reimegård, L., ""Proteser får liv med unik styrning""",,Dagens Medicin - Medicinsk Teknik,Sweden,Swedish,Print,,
OSS,3,12,2012,Researcher developing technology to control an osseointegrated prosthetic arm,http://www.oandp.com/articles/NEWS_2012-12-03_01.asp,The O & P Edge,USA,English,Online,,
PLP,26,2,2014,Researchers treat phantom limb pain using virtual arm,http://www.natureworldnews.com/articles/6182/20140226/researchers-treat-phantom-pain-using-virtual-arm.htm,Nature World News,International,English,Online,,
OSS,15,11,2012,Robotarm styrs av tankar,http://www.svt.se/nyheter/vetenskap/robotarm-styrs-av-tankar,SVT Nyheter,Sweden,Swedish,Online,,
OSS,9,10,2014,Robotarm till kliniska studier,http://www.lifesciencesweden.se/medtech/halla-dar-max-ortiz-catalan/,Life Science Sweden,Sweden,Swedish,Online,,
OSS,22,2,2013,Robotprotes som kan styras med tanken,http://www.lifesciencesweden.se/medtech/robotprotes-som-kan-styras-med-tanken/,Life Science Sweden,Sweden,Swedish,Online,,
OSS,,,2014,"Rönnberg, P., ""Årets bästa 2013 – forskning och teknik i Sverige""",,IngenjörsVetenskapsAkademin (IVA) Aktuellt,Sweden,Swedish,Print,,
PLP,3,3,2014,S.O.S. Douleurs fantômes,https://www.sciencesetavenir.fr/sante/s-o-s-douleurs-fantomes_27122,Sciences Avenir,France,French,Online,Video/TV,
OSS,7,12,2012,"Schlüter, N., ""Unter die Haut""",,New Scientist (deutsche Ausgabe),Germany,German,Print,,
PLP,29,10,2018,Science in a minute: New Theory on Origin of Phantom Limb,https://www.voanews.com/a/4633324.html,VoaNews,International,English,Online,Radio/Podcasts,
OSS,,,2014,Scientists create mind-controlled prosthetics that move and feel sensations,http://www.voanews.com/content/scientists-create-mind-controlled-prosthetics-that-move-and-feel-sensations/2477395.html,Voice of America,USA,English,Online,,Broken
OSS,5,2,2019,Scientists develop world's most advanced bionic hand that can be controlled by the mind and even gives amputees back a sense of TOUCH,https://www.dailymail.co.uk/health/article-6670441/Breakthrough-prosthetic-hand-FEEL-controlled-mind.html,Mail Online,UK,English,Online,,
PLP,11,3,2014,Scientists find way to cure phantom limb pain,https://zeenews.india.com/news/health/health-news/scientists-find-way-to-cure-phantom-limb-pain_27079.html,Zee News,India,English,Online,,
OSS,,,2014,Scientists Fuse Man and Machine: Mind-Controlled Robotic Arm Prosthetics Now 'Clinical Reality',http://www.ibtimes.co.uk/scientists-fuse-man-machine-mind-controlled-robotic-arm-prosthetics-now-clinical-reality-1469098,International Business Times,International,English,Online,,
OSS,,,2014,Scientists Fuse Man and Machine: Mind-Controlled Robotic Arm Prosthetics Now 'Clinical Reality',https://uk.news.yahoo.com/scientists-fuse-man-machine-mind-controlled-robotic-arm-190000448.html#tPy1y4l,Yahoo News,International,English,Online,,Broken
OSS,9,10,2014,Se protesen som styrs med tankekraft,http://www.nyteknik.se/nyheter/bioteknik_lakemedel/medicin_teknik/article3854502.ece,NyTeknik,Sweden,Swedish,Online,Video/TV,
OSS,5,2,2019,See world's most advanced bionic hand in action,https://www.eadt.co.uk/news/university-of-essex-bionic-hand-1-5880315,East Anglian Daily Times,UK,English,Online,Video/TV,
OSS,1,4,2013,"Sender, E. ""Un bras artificiel contrôlé par la pensée""",,Science & Avenir,France,French,Print,,
PLP,1,10,2015,"Senkowski et al., ""Bloß nicht hinschauen!""",,"Sehirn und Geist,m Spektrumsverlag",Germany,German,Print,,
OSS,9,10,2014,Simple everyday life with mind controlled prosthesis,https://sverigesRadio/Podcasts.se/sida/artikel.aspx?programid=406&artikel=5985977,Radio Sweden,Sweden,English,Radio/Podcasts,,Broken
PLP,29,12,2016,"Síndrome del miembro fantasma, dolor real",http://www.cronica.com.mx/notas/2016/953100.html,Cronica,Mexico,Spanish,Online,,
PLP,6,9,2018,Sindrome dell'arto fantasma: realtà aumentata e intelligenza artificiale per sconfiggere il dolore,http://www.quotidianosanita.it/scienza-e-farmaci/articolo.php?articolo_id=65246,Quotidiano Sanità,Italy,Italian,Online,,
OSS,,,2016,"Sterry, M., ""Biomimetics: Learning from life""",,"Chapter 9 in ""Global Innovation Science Handbook"" by Gupta and Trusko, McGraw-Hill",International,English,Print,,
OSS,5,2,2019,Su una donna svedese impiantato il primo robot per controllo della mano artificiale,https://www.ilmessaggero.it/salute/ricerca/mano_robotica_impianto_donna_svedese-4279157.html,Il Messaggero,Italy,Italian,Online,Video/TV,
PLP,26,2,2014,Superb computer program for phantom limb pain,https://topnews.us/content/261012-superb-computer-program-phantom-limb-pain,TopNews US,International,English,Online,,
OSS,5,2,2019,Svensk patient först med en kännande robothand,https://www.forskning.se/2019/02/05/svensk-patient-forst-med-en-kannande-robothand/,Forskning,Sweden,Swedish,Online,Video/TV,
OSS,5,2,2019,"Svezia, eseguito il primo impianto permanente di una mano robotica",https://www.tgcom24.mediaset.it/mondo/svezia-eseguito-primo-impianto-permanente-di-mano-robotica_3189845-201902a.shtml,TGCOM24,Italy,Italian,Online,Video/TV,
OSS,9,10,2014,Sweden tests mind-controlled prosthesis,https://sverigesRadio/Podcasts.se/sida/artikel.aspx?programid=2054&artikel=5987142,Radio Sweden,Sweden,English,Radio/Podcasts,,Broken
OSS,9,10,2014,Swedish man first to use mind-controlled prosthetic arm,https://www.independent.co.uk/news/science/swedish-man-is-first-to-use-mind-controlled-prosthetic-arm-9785950.html,Independent,UK,English,Online,Video/TV,
OSS,5,2,2019,Swedish patient becomes first recipient of novel implant to control dexterous hand prosthesis,https://www.news-medical.net/news/20190205/Swedish-patient-becomes-first-recipient-of-novel-implant-to-control-dexterous-hand-prosthesis.aspx,News Medical,International,English,Online,,
OSS,14,11,2012,Tankestyrd protes förändrar,http://www.elinor.se/Tankestyrd-protes-forandrar.html/,Elektronic Tidningen,Sweden,Swedish,Online,,
PLP,6,9,2018,Tech: A new theory for phantom limb pain points the way to more effective treatment — (Report),http://www.tunisiesoir.com/tech/tech-a-new-theory-for-phantom-limb-pain-points-the-way-to-more-effective-treatment-report-6853-2018/,Tunisiesoir,International,English,Online,,
PLP,12,3,2014,Técnica obtém sucesso contra a síndrome do membro fantasma,"https://www.em.com.br/app/noticia/tecnologia/2014/03/12/interna_tecnologia,506921/tecnica-obtem-sucesso-contra-a-sindrome-do-membro-fantasma.shtml",EM ,Brazil,Portuguese,Online,,
OSS,29,11,2018,That's handy! Fascinating footage shows the potential of new artificial joint that fully restores natural wrist rotation,https://www.dailymail.co.uk/health/article-6443419/New-artificial-joint-restores-natural-wrist-movement-drastically-improve-lives-arm.html,MailOnline,International,English,Online,Video/TV,
PLP,25,2,2014,"The Daily Planet, Episode 25",http://www.discovery.ca/episodeList.aspx?sid=13287,Discovery Channel,International,English,Video/TV,,Broken
OSS,5,2,2019,The first dexterous and sentient hand prosthesis has been successfully implanted.,https://www.sciencedaily.com/releases/2019/02/190205185204.htm,Science Daily,International,English,Online,,
OSS,9,10,2014,The First Implanted Mind-Controlled Prosthetic Arm Has Restored a Patient's Sense of Touch,https://www.sciencealert.com/news/20140910-26308.html,Science Alert,International,English,Online,Video/TV,
OSS,9,10,2014,The groundbreaking mind-controlled BIONIC ARM that plugs into the body and has given wearers back their sense of touch,http://www.dailymail.co.uk/sciencetech/article-2785769/The-mind-controlled-prosthetic-limb-given-wearer-sense-touch.html,Mail Online,UK,English,Online,Video/TV,
OSS,1,12,2013,The most popular lectures,,Nippon Video/TV Network,Japan,Japanese,Video/TV,,
OSS,8,7,2015,The secret life of materials: Bionic Limbs,https://www.youtube.com/watch?v=Q7V5HRNcFkM&list=PLmQdDYjAqXUk5jp7_xLYLFfIeH53Gl-bg&index=5,The Secret Life of Materials,International,English,Video/TV,,
OSS,,,2012,The world's first mind-controlled implantable robotic arm,http://www.goteborgbio.se/nyhetsarkiv/nyhetsarkiv2012/theworldsfirstmindcontrolledimplantableroboticarm.5.249e750913abda23d1c275c.html,GöteborgBio,Sweden,Swedish,Online,,Broken
OSS,9,10,2014,This mind-controlled robotic arm can easily crack an egg using bone communication,https://memeburn.com/gearburn/2014/10/this-mind-controlled-robotic-arm-can-easily-crack-an-egg-using-bone-communication/,Gearburn,International,English,Online,Video/TV,
OSS,,,2014,Thought controlled prothesis,http://www.mdtmag.com/news/2014/10/thought-controlled-prosthesis,Med Device Online,International,English,Online,,Broken
OSS,8,10,2014,Thought-controlled arm prosthesis changed Magnus's life,https://sverigesRadio/Podcasts.se/sida/artikel.aspx?programid=104&artikel=5985860,Radio Sweden,Sweden,English,Radio/Podcasts,,Broken
OSS,17,12,2012,Thought-Controlled Prosthesis Moves With the Mind,https://www.techbriefs.com/component/content/article/tb/stories/news/15430,Tech Briefts,USA,English,Online,,
OSS,20,12,2014,Thought-controlled prosthetics,http://www.scienceupdate.com/2012/12/arm/,Science Update,International,English,Radio/Podcasts,Online,
OSS,14,2,2013,"Tingvall, T., ""Fingertoppskänsla på export""",,Life Science Sweden,Sweden,Swedish,Print,,
OSS,19,12,2012,Top 10 health innovations of the week,https://www.psfk.com/2012/12/psfk-picks-top-10-health-innovations-of-the-week-27.html,PSFK,International,English,Online,,
PLP,12,12,2016,Training mit virtuellem Arm stoppt Phantomschmerz,https://www.aerztezeitung.de/medizin/krankheiten/schmerz/article/925781/virtuelle-realitaet-training-virtuellem-arm-stoppt-phantomschmerz.html,Ärzte Zeitung,Germany,German,Online,Video/TV,
PLP,6,9,2018,Träna bort fantomsmärtorna med AI-algoritmer,https://www.forskning.se/2018/09/06/trana-bort-fantomsmartorna-med-ai-algoritmer/,Forskning,Sweden,Swedish,Online,Video/TV,
OSS,28,10,2016,Träning för latmaskar – finns det?,https://sverigesRadio/Podcasts.se/sida/avsnitt/797123?programid=415,Radio Sweden,Sweden,Swedish,Radio/Podcasts,,Broken
OSS,5,2,2019,"Transradial implant provides dexterity, touch to prosthesis",https://opedge.com/Articles/ViewArticle/2019-02-05/first-dexterous-hand-prosthesis-implanted,The O & P Edge,International,English,Online,,
PLP,1,6,2014,"Tsakiridou, E. ""Phanthomschmerzen lassen sich wegtrainieren""",,VDI nachrichten,Germany,German,Print,,
OSS,13,2,2015,"Tsakiridou, E., ""Prothese wird von Nerven und Muskeln gesteuert""",,VDI nachrichten,Germany,German,Print,,
PLP,27,2,2014,"TT, ""Ny metod mot fantomsmärtor""",,Metro,Sweden,Swedish,Print,,
PLP,26,4,2014,Ture har fått en ny arm i datorn,http://t.sr.se/1lShzve,Kossornas Planet,Sweden,Swedish,Radio/Podcasts,,
PLP,26,2,2014,Un alivio después de 48 años con dolor en un miembro fantasma,https://www.elmundo.es/salud/2014/02/26/530cf236ca4741a3088b459c.html,El Mundo,Spain,Spanish,Online,Video/TV,
PLP,27,2,2014,Un bras virtuel reduit les douleurs fantomes apres une amputation ,http://www.pourquoidocteur.fr/Un-bras-virtuel-reduit-les-douleurs-fantomes-apres-une-amputation-5580.html,Pour Quoi Docteur,France,French,Online,,
OSS,10,10,2014,Un brazo biónico permite a un amputado volver a su vida normal,http://www.abc.es/salud/noticias/20141009/abci-mano-bionica-tecnologia-201410081242.html,ABC Salud,Mexico,Spanish,Online,Video/TV,
OSS,8,10,2014,Un brazo biónico permite hacer vida normal a un amputado,http://elpais.com/elpais/2014/10/08/ciencia/1412784659_199144.html,El País,Mexico,Spanish,Online,Video/TV,
PLP,26,2,2014,Un brazo virtual consigue eliminar el dolor del  miembro fantasma al simular su movimiento,http://www.sevillaindependiente.com/__n2809262__Un_brazo_virtual_consigue_eliminar_el_dolor_del_2623393Bmiembro_fantasma2623393B_al_simular_su_movimiento.html,Sevilla Independiente,,Spanish,Online,,Broken
PLP,26,2,2014,Un brazo virtual consigue eliminar el dolor del  miembro fantasma al simular su movimiento,http://www.elsemanaldigital.com/un-brazo-virtual-consigue-eliminar-el-dolor-del-miembro-fantasma-al-simular-su-movimiento-207369_noticia.htm,El Semanal Digital,Spain,Spanish,Online,,Broken
PLP,26,2,2014,Un brazo virtual consigue eliminar el dolor del 'miembro fantasma' al simular su movimiento,https://www.medicinatv.com/profesional/reportajes/un-brazo-virtual-consigue-eliminar-el-dolor-del-miembro-fantasma-al-simular-su-movimiento-5342/,Medicina TV,Spain,Spanish,Online,,
PLP,26,2,2014,un brazo virtual consigue eliminar el dolor del miembro fantasma,,Republica,Spain,Spanish,Online,,
PLP,26,2,2014,un brazo virtual consigue eliminar el dolor del miembro fantasma al simular su movimiento,http://noticias.es.msn.com/ultima-hora/un-brazo-virtual-consigue-eliminar-el-dolor-del-miembro-fantasma-al-simular-su-movimiento,Noticias,Spain,Spanish,Online,,Broken
PLP,26,2,2014,Un brazo virtual consigue eliminar el dolor del 'miembro fantasma' al simular su movimiento.,https://ecodiario.eleconomista.es/salud/noticias/5573537/02/14/Un-brazo-virtual-consigue-eliminar-el-dolor-del-miembro-fantasma-al-simular-su-movimiento.html,EcoDiario,Spain,Spanish,Online,,
PLP,26,2,2014,Un brazo virtual consigue eliminar el dolor del 'miembro fantasma' al simular su movimiento.,https://www.que.es/ciudades/201402260924-brazo-virtual-consigue-eliminar-dolor.html,Que,Spain,Spanish,Online,,
PLP,2,10,2014,"Un brazo virtual logra eliminar el dolor del ""miembro fantasma"" tras la amputación",https://www.cronicamadrid.com/noticia/1255723/SALUD/Un-brazo-virtual-logra-eliminar-el-dolor-del-miembro-fantasma-tras-la-amputacion.html,Madrid Cronica,Spain,Spanish,Online,,
PLP,26,2,2014,Un sistema de realidad virtual hace desaparecer el síndrome del miembro fantasma,https://www.libertaddigital.com/ciencia-tecnologia/salud/2014-02-26/un-sistema-de-realidad-virtual-hace-desaparecer-el-sindrome-del-miembro-fantasma-1276511752/,Libertad Digital SA,Spain,Spanish,Online,,
PLP,26,2,2014,"Un sistema de realidad virtual promete curar el síndrome del ""miembro fantasma""",https://publimetro.pe/actualidad/sistema-realidad-virtual-promete-curar-sindrome-miembro-fantasma-20809-noticia/,PubliMetro,Peru,Spanish,Online,Video/TV,
PLP,26,2,2014,Una terapia acaba con el 'dolor fantasma' en amputados,https://www.abc.es/salud/noticias/20140226/abci-fantasma-dolor-201402251940.html,ABC Salud,Spain,Spanish,Online,,
PLP,1,3,2018,UNB is taking part in a study trying to treat the phenomenon of pain in limbs after amputation,https://www.cbc.ca/news/canada/new-brunswick/unb-phantom-pain-1.4557651,CBC,International,English,Online,Video/TV,
PLP,8,2,2013,Une avancée pour les amputés. Un bras artificiel guidé par la pensée,http://magazine.com.lb/index.php/fr/component/k2/item/2561-une-avanc%C3%A9e-pour-les-amput%C3%A9s-un-bras-artificiel-guid%C3%A9-par-la-pens%C3%A9e?issue_id=62,Magazine Le Mensuel,France,French,Online,,
PLP,12,9,2018,Une étude pourrait expliquer l'origine de la douleur du membre fantôme,https://www.msn.com/fr-fr/actualite/sciences/une-%C3%A9tude-pourrait-expliquer-lorigine-de-la-douleur-du-membre-fant%C3%B4me/ar-BBNam7c?li=BBoJIji,MSN,France,French,Online,,Broken
OSS,8,10,2014,Upgraded Prosthetics Behave More Like Natural Limbs,https://www.aaas.org/news/upgraded-prosthetics-behave-more-natural-limbs,AAAS,International,English,Online,Video/TV,
OSS,9,6,2013,"Veniou, I., ""Χέρια σαν αληθινά!""",,BHMA Science,Greece,Greek,Print,,
OSS,10,10,2014,Verso l'integrazione totale delle neuroprotesi,http://www.lescienze.it/news/2014/10/10/news/protesi_braccio_mano_sentita_come_propria-2325638/,Le Scienze,Italy,Italian,Online,,
OSS,13,10,2014,Video: Swede fitted with first mind-controlled prosthetic arm,http://www.digitaljournal.com/technology/video-swede-fitted-with-first-mind-controlled-prosthetic-arm/article/408173,Digital Journal,International,English,Online,Video/TV,
PLP,5,3,2014,Vild teknologi fjerner fantomsmerter med virtuelle kropsdele,https://videnskab.dk/teknologi/vild-teknologi-fjerner-fantomsmerter-med-virtuelle-kropsdele,Videnskap dk,Denmark,Danish,Online,Video/TV,
PLP,12,3,2014,Virtual Arm Eases Amputee's Phantom Limb Pain,https://singularityhub.com/2014/03/12/virtual-arm-eases-amputees-phantom-limb-pain/,SingularityHub,International,English,Online,,
PLP,26,2,2014,Virtual arm eases phantom limb pain,http://www.bbc.co.uk/news/health-26327457,BBC,International,English,Online,Video/TV,
PLP,26,2,2014,Virtual Arm Found Effective in Managing Phantom Limb Pain (VIDEO),https://www.ibtimes.co.in/virtual-arm-found-effective-in-managing-phantom-limb-pain-video-540727,IBT India Edition,India,English,Online,,
PLP,26,2,2014,Virtual Reality Gives Amputee Real-Life Relief,http://abcnews.go.com/blogs/health/2014/02/26/virtual-reality-gives-amputee-real-life-relief/,ABC,International,English,Online,,
PLP,26,2,2014,Virtual Reality Gives Amputee Real-Life Relief,http://abcnewsRadio/Podcastsonline.com/health-news/virtual-reality-gives-amputee-real-life-relief.html,ABC News Radio,International,English,Radio/Podcasts,,Broken
PLP,26,2,2014,Virtual Reality Gives Amputee Real-Life Relief,http://www.kmbz.com/Virtual-Reality-Gives-Amputee-Real-Life-Relief/18473868,"BMBZ, Kansas",USA,English,Online,,
PLP,9,9,2018,Virtual reality om fantoompijn te bestrijden: 'Eigenlijk fop je hiermee het brein',https://www.gemistvoornmt.nl/aflevering/1295093-rtl-nieuws-fop-je-hiermee-het-brein,RTL Nieuws,Netherlands,Dutch,Video/TV,,Broken
PLP,26,2,2014,Virtual Reality Treatment Relieves Amputee's Phantom Pain,http://www.foxnews.com/health/2014/02/26/virtual-reality-treatment-relieves-amputee-phantom-pain/,Fox News,International,English,Online,,
PLP,26,2,2014,Virtual Reality Treatment Relieves Amputee's Phantom Pain,https://newatlas.com/augmented-reality-phantom-limb-pain/30990/,New Atlas,International,English,Online,Video/TV,
PLP,26,2,2014,Virtual Reality Treatment Relieves Amputee's Phantom Pain,https://www.scientificamerican.com/article/virtual-reality-treatment-relieves-amputees-phantom-pain/,Scientific American,USA,English,Online,,
PLP,25,2,2014,Virtual Reality Treatment Relieves Amputee's Phantom Pain,Yahoonews.yahoo.com/virtual-reality-treatment-relieves-amputee-39-phantom-pain-210118819.html,Yahoo News,International,English,Online,,Broken
PLP,25,2,2014,Virtual Reality Treatment Relieves Amputee's Phantom Pain,https://www.livescience.com/43665-virtual-reality-treatment-for-phantom-limb-pain.html,Live Science,International,English,Online,,
PLP,26,2,2014,Virtuell arm kan hjälpa mot fantomsmärtor,http://sverigesRadio/Podcasts.se/sida/artikel.aspx?programid=406&artikel=5794295,Vetenskap & Miljö,Sweden,Swedish,Radio/Podcasts,,Broken
PLP,20,3,2014,"Virtuelle Schmerzen, Virtueller Rollantausch",http://dRadio/Podcastswissen.de/beitrag/gender-the-machine-to-be-another-wie-sich-frau-und-mann-im-k%C3%B6rper-des-anderen-hineinf%C3%BChlen,DRadio/Podcasts Wissen,Germany,German,Radio/Podcasts,,Broken
PLP,26,2,2014,Virtueller Arm lindert Phantomschmerzen,https://www.aerzteblatt.de/nachrichten/57754/Virtueller-Arm-lindert-Phantomschmerzen,Aerzteblatt,Germany,German,Online,,
OSS,30,11,2012,Vještačke ruke koje se pokreću mislima za amputirce,http://www.klix.ba/scitech/tehnologija/vjestacke-ruke-koje-se-pokrecu-mislima-za-amputirce/121130015,Klix,Bosnia,Bosnian,Online,,
OSS,14,10,2014,Voici la première prothèse de bras contrôlée par l'esprit,http://www.europe1.fr/high-tech/voici-la-premiere-prothese-de-bras-controlee-par-l-esprit-2259741,Europe1,France,French,Online,Video/TV,
OSS,6,6,2019,Wat is fantoompijn?,https://www.facebook.com/dekennisvannu/videos/592352011173817/,De Kennis van nu,Netherlands,Dutch,Video/TV,,
OSS,8,10,2014,We Are Getting Close to a Robot Hand That Grips—and Feels,https://www.popularmechanics.com/science/health/a12441/we-are-getting-close-to-a-robot-hand-that-grips-and-feels-17291914/,Popular Mechanics,International,English,Online,Video/TV,
PLP,24,4,2015,Weekend,http://www.marketplace.org/shows/marketplace-weekend/marketplace-weekend-friday-april-24-2015,Marketplace,USA,English,Radio/Podcasts,,
PLP,5,3,2014,Why Amputees Get Virtual Reality Limbs,https://www.youtube.com/watch?v=tRmYNwWRR78,D-News,International,English,Video/TV,,
PLP,27,2,2014,Wirtualna kończyna łagodzi bóle fantomowe,"https://nauka.money.pl/artykul/wirtualna-konczyna-lagodzi-bole-fantomowe,65,0,1485633.html",Money,Poland,Polish,Online,,
PLP,27,2,2014,Wirtualna kończyna łagodzi bóle fantomowe.,http://www.roik.pl/wirtualna-konczyna-lagodzi-bole-fantomowe/,Roik,Poland,Polish,Online,,
PLP,26,2,2014,"Wissen aktuell,  computerspiel gegen den Phantomschmerz",http://oe1.orf.at/programm/364732,OE1 Austria,Austria,German,Radio/Podcasts,,
OSS,10,10,2014,World Update,,BBC World Service Radio,International,English,Radio/Podcasts,,
OSS,5,2,2019,World's most advanced robotic hand gives amputees far more sensation and control,https://www.thesun.co.uk/tech/8361878/worlds-most-advanced-robotic-hand/,The Sun,UK,English,Online,Video/TV,
OSS,5,2,2019,World's most advanced bionic hand with sense of touch developed with UK experts,https://www.dailymail.co.uk/wires/pa/article-6669675/World-s-advanced-bionic-hand-touch-developed-UK-experts.html,Mail Online,UK,English,Online,,
OSS,5,2,2019,World's most advanced bionic hand with sense of touch developed with UK experts. , http://transition.meltwater.com/redirect?url=http%3A%2F%2Fhome.bt.com%2Fnews%2Fuk-news%2Fworlds-most-advanced-bionic-hand-with-touch-developed-with-uk-experts-11364334366610&transitionToken=eyJ0eXAiOiJKV1QiLCJhbGciOiJIUzUxMiJ9.eyJob3N0bmFtZSI6ImhvbWUuYnQuY29tIn0.ZEPhe4EDEnmEXwOHeHykyjKuZ1ygSwgaVsw5F8N1r3gGQ1mE7T2uigK055VMHT1AcXVe2suSaVqDAVjapyNRWQ,BT News,UK,English,Online,,Broken
PLP,11,9,2018,"Yapay Zeka, Hayalet Uzuv Sendromu İçin Tedavi Olarak Kullanılacak",http://www.gazeteyeniyuzyil.com/teknoloji/yapay-zeka-hayalet-uzuv-sendromu-icin-tedavi-olarak-kullanilacak-h93583.html,Gazet Yeniyüzyil,Turkey,Turkish,Online,,
OSS,29,11,2012,Zweden gaan robothand met gedachten besturen,http://www.bits-chips.nl/nieuws/bekijk/artikel/zweden-gaan-robothand-met-gedachten-besturen.html,Bits & Chips,Denmark,Danish,Online,,
OSS,10,10,2014,"В Швеции протестировали осязаемый протез руки, контролируемый мозгом",http://paralel-media.com.ua/p66756.html,Paralel Media,Ukraine,Russian,Online,Video/TV,
PLP,27,2,2014,Виртуальная конечность поможет облегчить фантомные боли,http://newsland.com/user/4297809659/content/virtualnaia-konechnost-pomozhet-oblegchit-fantomnye-boli/4576928,Newsland,Russia,Russian,Online,,
OSS,11,10,2014,Механическую руку научили чувствовать,http://www.nkj.ru/news/25032/,NKJ,Russia,Russian,Online,,
PLP,11,9,2018,Объяснен феномен «призрачных» рук,https://lenta.ru/news/2018/09/11/hand/,Lenta,Russia,Russian,Online,,
OSS,9,10,2014,Протезы рук приблизились к реальным конечностям сразу по двум параметрам,http://www.vesti.ru/doc.html?id=2032676&cid=2161,Vesti,Russia,Russian,Online,Video/TV,
OSS,10,2,2019,Ученые впервые подключили протез руки напрямую к нервам человека (3 фото + 1 видео),https://m.fishki.net/2871288-uchenye-vpervye-podkljuchili-protez-ruki-naprjamuju-k-nervam-cheloveka.html?amp=1,Fishki Net,International,Russian,Online,Video/TV,
OSS,23,2,2013,Учёные совершили невероятный прорыв в протезировании,http://newsland.com/news/detail/id/1130940/,Newsland,Russia,Russian,Online,,
PLP,7,9,2018,"幻肢痛的新疗法来了！最新理论表明这可能是因为神经元太""闲""了",http://mini.eastday.com/a/180907174556179.html,Mini Eastday,China,Chinese,Online,,
PLP,7,9,2018,"幻肢痛的新疗法来了！最新理论表明这可能是因为神经元太""闲""了",https://www.toutiao.com/i6598415684873486852/,Toutiao,China,Chinese,Online,,
PLP,7,9,2018,"幻肢痛的新疗法来了！最新理论表明这可能是因为神经元太""闲""了",http://www.sohu.com/a/252523133_114835,Sohu,China,Chinese,Online,,
PLP,7,9,2018,"幻肢痛的新疗法来了！最新理论表明这可能是因为神经元太""闲""了",http://www.tzgcjie.com/shangye/chanjing/26734.html,Tzgcjie,China,Chinese,Online,,
OSS,11,10,2014,最新研发的仿生手臂可帮助截肢人群恢复触觉功能, http://news.china.com.cn/world/2014-10/11/content_33732124.htm,News China,China,Chinese,Online,,
OSS,6,2,2019,科学家发明出世界上最先进的假肢,https://tech.sina.com.cn/roll/2019-02-07/doc-ihrfqzka3966187.shtml,Sina,China,Chinese,Online,,
OSS,1,12,2012,自分の思ったとおりに失われた腕を動かせる世界初の埋め込み型義手のロボットハンドが開発される!!,http://commonpost.info/?p=55461,Common Post,Japan,Japanese,Online,,Broken
PLP,14,8,2019,Virtual reality experiences can help ease severe pain, https://www.dailymail.co.uk/wires/reuters/article-7357429/Virtual-reality-experiences-help-ease-severe-pain.html, DailyMail, International, English,Online,,
PLP,14,8,2019,Virtual reality experiences can help ease severe pain, https://www.reuters.com/article/us-health-pain-virtual-reality/virtual-reality-experiences-can-help-ease-severe-pain-idUSKCN1V41YQ, Reuters, International, English,Online,,
OSS,19,11,2019,World Unique Prosthesis Research - Feels like a real body part,https://www.youtube.com/watch?v=S06EmBb4Ahc,Malou Efter 10 (TV4),Sweden,English,Video/TV,,
OSS,20,12,2021,TEST,TEST,,,,,,
,,,,,,,,,,,
,,,,,,,,,,,
,,,,,,,,,,,
,,,,,,,,,,,
